{
  "targets_cm": {
    "hip_width": 22.180727033413202,
    "shoulder_width": 47.09532291333266,
    "torso": 68.98894376804041,
    "upper_arm": 36.92267176377356,
    "forearm": 33.58751624241113,
    "thigh": 54.94560411114038,
    "shank": 51.403734851750926
  },
  "original_metrics": {
    "joint_angle_mae": 18.362116365746207,
    "fair_angle_mae": 17.466258791098603
  },
  "rescaled_metrics": {
    "joint_angle_mae": 18.59082747824724,
    "fair_angle_mae": 17.483996606541677
  },
  "delta_joint_angle_mae_deg": 0.22871111250103127,
  "delta_fair_angle_mae_deg": 0.0177378154430734,
  "per_angle_change": {
    "LeftShoulder": {
      "mean_abs_delta_deg": 1.842821197652978e-14,
      "p95_abs_delta_deg": 5.684341886080802e-14
    },
    "RightShoulder": {
      "mean_abs_delta_deg": 1.735035520909764e-14,
      "p95_abs_delta_deg": 5.684341886080802e-14
    },
    "LeftElbow": {
      "mean_abs_delta_deg": 1.9916688487794178e-14,
      "p95_abs_delta_deg": 7.105427357601002e-14
    },
    "RightElbow": {
      "mean_abs_delta_deg": 1.9493315287179423e-14,
      "p95_abs_delta_deg": 7.105427357601002e-14
    },
    "LeftHip": {
      "mean_abs_delta_deg": 3.06963780401593,
      "p95_abs_delta_deg": 5.924316215333391
    },
    "RightHip": {
      "mean_abs_delta_deg": 2.9139177781801844,
      "p95_abs_delta_deg": 6.01358850764359
    },
    "LeftKnee": {
      "mean_abs_delta_deg": 2.6405304369463183e-14,
      "p95_abs_delta_deg": 8.526512829121202e-14
    },
    "RightKnee": {
      "mean_abs_delta_deg": 2.81985182956773e-14,
      "p95_abs_delta_deg": 8.526512829121202e-14
    }
  }
}